{"images":{"_type":"histogram","values":[20554,141,109,141,127,103,93,99,71,66,92,71,81,85,61,77,67,87,66,85,56,74,78,87,78,88,92,120,114,104,154,1767],"bins":[-0.4255625009536743,-0.3246035575866699,-0.22364464402198792,-0.12268570065498352,-0.02172677218914032,0.07923215627670288,0.18019109964370728,0.2811500132083893,0.3821089565753937,0.48306789994239807,0.5840268135070801,0.6849857568740845,0.7859447002410889,0.8869036436080933,0.9878625273704529,1.088821530342102,1.1897804737091064,1.2907392978668213,1.3916982412338257,1.49265718460083,1.5936161279678345,1.6945750713348389,1.7955340147018433,1.8964929580688477,1.997451901435852,2.0984108448028564,2.1993696689605713,2.3003287315368652,2.40128755569458,2.502246618270874,2.603205442428589,2.704164505004883,2.8051233291625977]},"_timestamp":1.736769671718573e+09,"_runtime":1.220605,"_step":0,"_wandb":{"runtime":1}}
