{"conv1_weights":{"values":[1,1,0,1,0,2,3,0,4,1,3,3,0,4,9,4,6,7,3,4,7,10,7,4,9,7,10,5,7,3,8,6,6,6,11,10,8,6,7,5,13,6,6,8,8,5,4,9,6,2,2,3,2,3,2,2,3,1,2,0,0,0,0,3],"bins":[-0.5917099118232727,-0.574673056602478,-0.5576362013816833,-0.5405993461608887,-0.523562490940094,-0.5065256953239441,-0.489488810300827,-0.47245198488235474,-0.45541512966156006,-0.4383782744407654,-0.4213414192199707,-0.4043045938014984,-0.38726773858070374,-0.37023088335990906,-0.3531940281391144,-0.3361572027206421,-0.3191203474998474,-0.30208349227905273,-0.28504663705825806,-0.2680097818374634,-0.2509729564189911,-0.2339361011981964,-0.21689924597740173,-0.19986240565776825,-0.18282555043697357,-0.1657887101173401,-0.1487518548965454,-0.13171501457691193,-0.11467815935611725,-0.09764131158590317,-0.08060446381568909,-0.063567616045475,-0.046530768275260925,-0.029493920505046844,-0.012457071803510189,0.004579776432365179,0.021616624668240547,0.03865347430109978,0.05569032207131386,0.07272716611623764,0.08976401388645172,0.1068008691072464,0.12383771687746048,0.14087456464767456,0.15791140496730804,0.17494826018810272,0.1919851005077362,0.20902195572853088,0.22605881094932556,0.24309565126895905,0.26013249158859253,0.2771693468093872,0.2942062020301819,0.31124305725097656,0.32827988266944885,0.34531673789024353,0.3623535931110382,0.3793904483318329,0.3964272737503052,0.41346412897109985,0.43050098419189453,0.4475378394126892,0.4645746648311615,0.4816115200519562,0.49864837527275085],"_type":"histogram"},"training_statistics":{"path":"media/images/training_statistics_9382_5047f6218eeadc7b3460.png","format":"png","width":1500,"height":500,"_type":"image-file","sha256":"5047f6218eeadc7b346064d884f0f424dad0bbaf6f7e4b05b77621ef9d2b2b20","size":35936},"_wandb":{"runtime":48},"_runtime":48.093502,"_step":9382,"gradients":{"values":[1,0,2,4,1,3,1,2,4,6,6,3,4,5,13,12,18,20,24,32,30,20,10,13,11,13,3,3,3,2,4,0,2,2,2,1,1,0,1,1,0,0,0,0,1,0,0,1,1,0,0,0,0,0,0,0,0,0,0,0,0,0,0,2],"bins":[-0.12604840099811554,-0.11967045813798904,-0.11329251527786255,-0.10691456496715546,-0.10053662210702896,-0.09415867924690247,-0.08778073638677597,-0.08140278607606888,-0.07502484321594238,-0.06864690035581589,-0.06226895749568939,-0.0558910109102726,-0.0495130680501461,-0.04313512146472931,-0.036757178604602814,-0.03037923388183117,-0.024001289159059525,-0.01762334443628788,-0.011245399713516235,-0.004867455922067165,0.0015104888007044792,0.007888433523476124,0.014266377314925194,0.02064432203769684,0.027022266760468483,0.03340021148324013,0.03977815434336662,0.04615610092878342,0.05253404378890991,0.058911990374326706,0.0652899369597435,0.07166787981987,0.07804582267999649,0.08442376554012299,0.09080170840024948,0.09717965871095657,0.10355760157108307,0.10993554443120956,0.11631348729133606,0.12269143760204315,0.12906937301158905,0.13544732332229614,0.14182527363300323,0.14820320904254913,0.15458115935325623,0.16095909476280212,0.16733704507350922,0.1737149953842163,0.1800929307937622,0.1864708811044693,0.1928488165140152,0.1992267668247223,0.20560471713542938,0.21198265254497528,0.21836060285568237,0.22473855316638947,0.23111648857593536,0.23749443888664246,0.24387237429618835,0.25025030970573425,0.25662827491760254,0.26300621032714844,0.26938414573669434,0.2757621109485626,0.2821400463581085],"_type":"histogram"},"_timestamp":1.7367703411727e+09,"sample_image":{"_type":"image-file","sha256":"d6f5c864ac0f529e712ae20f105cb3e33d70432925b4398c5c0232c2e676de8f","size":529,"path":"media/images/sample_image_9380_d6f5c864ac0f529e712a.png","format":"png","width":28,"height":28}}
