{"gradients":{"bins":[-0.028636407107114792,-0.027782943099737167,-0.026929480955004692,-0.026076016947627068,-0.025222552940249443,-0.024369090795516968,-0.023515626788139343,-0.02266216278076172,-0.021808700636029243,-0.02095523662865162,-0.020101772621273994,-0.01924831047654152,-0.018394846469163895,-0.01754138246178627,-0.016687920317053795,-0.01583445630967617,-0.01498099323362112,-0.01412753015756607,-0.013274066150188446,-0.012420603074133396,-0.011567139998078346,-0.010713675990700722,-0.009860212914645672,-0.009006749838590622,-0.008153285831212997,-0.0072998227551579475,-0.006446359679102898,-0.0055928961373865604,-0.004739432595670223,-0.0038859695196151733,-0.003032505977898836,-0.0021790426690131426,-0.001325579360127449,-0.00047211599303409457,0.0003813473740592599,0.0012348107993602753,0.002088274108245969,0.0029417374171316624,0.0037952009588479996,0.0046486640349030495,0.005502127576619387,0.006355591118335724,0.007209054194390774,0.008062517270445824,0.008915981277823448,0.009769444353878498,0.010622907429933548,0.011476371437311172,0.012329834513366222,0.013183297589421272,0.014036761596798897,0.014890224672853947,0.015743687748908997,0.01659715175628662,0.017450613901019096,0.01830407790839672,0.019157541915774345,0.02001100406050682,0.020864468067884445,0.02171793207526207,0.022571394219994545,0.02342485822737217,0.024278322234749794,0.02513178437948227,0.025985248386859894],"_type":"histogram","values":[1,0,1,0,0,1,0,2,1,1,1,2,0,0,1,3,1,2,2,9,2,4,5,11,6,8,13,10,6,16,15,15,15,20,13,17,19,6,9,9,7,7,2,8,3,4,2,2,2,1,0,0,0,1,0,0,0,1,0,0,0,0,0,1]},"_timestamp":1.736770529364219e+09,"_runtime":50.985205,"_step":9382,"sample_image":{"_type":"image-file","sha256":"d6f5c864ac0f529e712ae20f105cb3e33d70432925b4398c5c0232c2e676de8f","size":529,"path":"media/images/sample_image_9380_d6f5c864ac0f529e712a.png","format":"png","width":28,"height":28},"conv1_weights":{"values":[1,0,1,0,1,0,1,1,2,0,4,6,3,8,3,10,3,4,5,6,7,4,8,4,4,6,5,8,10,2,4,4,4,5,4,10,12,10,6,10,8,5,11,14,0,7,8,7,4,3,4,10,3,2,2,3,2,2,2,2,1,0,0,2],"bins":[-0.5995368361473083,-0.5828463435173035,-0.5661558508872986,-0.5494653582572937,-0.5327748656272888,-0.5160843729972839,-0.49939388036727905,-0.48270338773727417,-0.4660128951072693,-0.4493224024772644,-0.4326319098472595,-0.41594141721725464,-0.39925092458724976,-0.3825604319572449,-0.36586993932724,-0.3491794466972351,-0.3324889540672302,-0.31579846143722534,-0.29910796880722046,-0.2824174761772156,-0.2657269835472107,-0.24903647601604462,-0.23234598338603973,-0.21565549075603485,-0.19896499812602997,-0.18227450549602509,-0.1655840128660202,-0.14889352023601532,-0.13220302760601044,-0.11551253497600555,-0.09882204234600067,-0.08213154971599579,-0.0654410570859909,-0.04875056445598602,-0.03206007182598114,-0.015369577333331108,0.0013209152966737747,0.018011407926678658,0.03470190241932869,0.05139239504933357,0.06808288395404816,0.08477338403463364,0.10146387666463852,0.1181543692946434,0.1348448544740677,0.15153534710407257,0.16822583973407745,0.18491633236408234,0.2016068398952484,0.2182973325252533,0.23498782515525818,0.25167831778526306,0.26836881041526794,0.2850593030452728,0.3017497956752777,0.3184402883052826,0.3351307809352875,0.35182127356529236,0.36851176619529724,0.3852022588253021,0.401892751455307,0.4185832440853119,0.4352737367153168,0.45196422934532166,0.46865472197532654],"_type":"histogram"},"training_statistics":{"size":43928,"path":"media/images/training_statistics_9382_4c0f336d789122588301.png","format":"png","width":1500,"height":500,"_type":"image-file","sha256":"4c0f336d7891225883015bb734fb110dd50c40ae7938535bcba4b820e5c9306f"},"_wandb":{"runtime":50}}
