{"_step":9379,"_wandb":{"runtime":45},"gradients":{"_type":"histogram","values":[1,0,0,1,1,0,3,3,0,2,1,0,1,1,2,3,3,1,4,3,3,6,8,4,11,7,11,14,14,19,24,9,24,17,10,6,12,8,6,6,9,2,1,2,3,4,5,3,3,0,0,1,2,0,1,0,0,1,0,0,0,0,0,2],"bins":[-0.22714760899543762,-0.21995291113853455,-0.21275819838047028,-0.2055635005235672,-0.19836880266666412,-0.19117408990859985,-0.18397939205169678,-0.1767846941947937,-0.16958999633789062,-0.16239528357982635,-0.15520058572292328,-0.1480058878660202,-0.14081117510795593,-0.13361647725105286,-0.12642177939414978,-0.11922707408666611,-0.11203236877918243,-0.10483766347169876,-0.09764296561479568,-0.09044826030731201,-0.08325356245040894,-0.07605885714292526,-0.06886415183544159,-0.061669450253248215,-0.05447474867105484,-0.047280047088861465,-0.04008534550666809,-0.03289064019918442,-0.025695938616991043,-0.01850123703479767,-0.011306533589959145,-0.004111831076443195,0.003082871437072754,0.010277573950588703,0.017472276464104652,0.024666979908943176,0.03186168149113655,0.039056383073329926,0.0462510883808136,0.05344578996300697,0.06064049154520035,0.06783519685268402,0.0750298947095871,0.08222460001707077,0.08941930532455444,0.09661400318145752,0.10380870848894119,0.11100340634584427,0.11819811165332794,0.12539280951023102,0.1325875222682953,0.13978222012519836,0.14697691798210144,0.1541716307401657,0.1613663285970688,0.16856102645397186,0.17575573921203613,0.1829504370689392,0.19014513492584229,0.19733983278274536,0.20453454554080963,0.2117292433977127,0.21892394125461578,0.22611865401268005,0.23331335186958313]},"_timestamp":1.7367700000752661e+09,"_runtime":45.5433}
