{"gradients":{"bins":[-0.03308921307325363,-0.032342806458473206,-0.03159639984369278,-0.030849995091557503,-0.030103590339422226,-0.0293571837246418,-0.028610778972506523,-0.027864372357726097,-0.02711796760559082,-0.026371560990810394,-0.025625156238675117,-0.02487874962389469,-0.024132344871759415,-0.02338593825697899,-0.022639531642198563,-0.021893126890063286,-0.02114672027528286,-0.020400315523147583,-0.019653908908367157,-0.01890750415623188,-0.018161097541451454,-0.017414692789316177,-0.01666828617453575,-0.015921881422400475,-0.015175474807620049,-0.014429069124162197,-0.013682663440704346,-0.012936257757246494,-0.012189852073788643,-0.011443446390330791,-0.01069704070687294,-0.009950635023415089,-0.009204229339957237,-0.008457822725176811,-0.007711417507380247,-0.006965011823922396,-0.006218605674803257,-0.005472199991345406,-0.004725794307887554,-0.003979388624429703,-0.0032329829409718513,-0.0024865770246833563,-0.0017401713412255049,-0.0009937655413523316,-0.0002473597996868193,0.000499045941978693,0.0012454517418518662,0.0019918575417250395,0.002738263225182891,0.0034846689086407423,0.004231074824929237,0.004977480508387089,0.00572388619184494,0.006470291875302792,0.007216697558760643,0.007963103242218494,0.008709508925676346,0.009455914609134197,0.010202321223914623,0.010948726907372475,0.011695132590830326,0.012441538274288177,0.013187943957746029,0.01393434964120388,0.014680755324661732],"_type":"histogram","values":[1,0,0,0,0,0,1,0,0,0,0,0,0,0,0,1,0,1,4,5,4,1,4,4,2,4,4,4,3,6,3,7,8,7,7,10,3,12,15,12,15,17,13,14,17,13,13,11,6,9,6,3,3,1,2,2,4,1,0,1,1,1,1,1]},"_timestamp":1.736769812834578e+09,"_runtime":43.671379,"_wandb":{"runtime":43},"_step":9379}
